ID,Time since last puzzle completion,Total time to complete
1,57.12094,57.12094
2,133.9219,191.0428
3,169.6362,360.679

